room_id,room_name,bench_no,seat,usn,row,col
R301,Room 301,1,A,1GD23CS001,,
R301,Room 301,1,B,1GD23CS002,,
R301,Room 301,2,A,1GD23CS003,,
R301,Room 301,2,B,1GD23CS004,,
R301,Room 301,3,A,1GD23CS005,,
R301,Room 301,3,B,1GD23CS006,,
R301,Room 301,4,A,1GD23CS007,,
R301,Room 301,4,B,1GD23CS008,,
R301,Room 301,5,A,1GD23CS009,,
R301,Room 301,5,B,1GD23CS010,,
R301,Room 301,6,A,1GD23CS011,,
R301,Room 301,6,B,1GD23CS012,,
R301,Room 301,7,A,1GD23CS013,,
R301,Room 301,7,B,1GD23CS014,,
R301,Room 301,8,A,1GD23CS015,,
R301,Room 301,8,B,1GD23CS016,,
R301,Room 301,9,A,1GD23CS017,,
R301,Room 301,9,B,1GD23CS018,,
R301,Room 301,10,A,1GD23CS019,,
R301,Room 301,10,B,1GD23CS020,,
R301,Room 301,11,A,1GD23CS021,,
R301,Room 301,11,B,1GD23CS022,,
R301,Room 301,12,A,1GD23CS023,,
R301,Room 301,12,B,1GD23CS024,,
R301,Room 301,13,A,1GD23CS025,,
R301,Room 301,13,B,1GD23CS026,,
R301,Room 301,14,A,1GD23CS027,,
R301,Room 301,14,B,1GD23CS028,,
R301,Room 301,15,A,1GD23CS029,,
R301,Room 301,15,B,1GD23CS030,,
R301,Room 301,16,A,1GD23CS031,,
R301,Room 301,16,B,1GD23CS032,,
R301,Room 301,17,A,1GD23CS033,,
R301,Room 301,17,B,1GD23CS034,,
R301,Room 301,18,A,1GD23CS035,,
R301,Room 301,18,B,1GD23CS036,,
R301,Room 301,19,A,1GD23CS037,,
R301,Room 301,19,B,1GD23CS038,,
R301,Room 301,20,A,1GD23CS039,,
R301,Room 301,20,B,1GD23CS040,,
R301,Room 301,21,A,1GD23CS041,,
R301,Room 301,21,B,1GD23CS042,,
R301,Room 301,22,A,1GD23CS043,,
R301,Room 301,22,B,1GD23CS044,,
R301,Room 301,23,A,1GD23CS045,,
R301,Room 301,23,B,1GD23CS046,,
R301,Room 301,24,A,1GD23CS047,,
R301,Room 301,24,B,1GD23CS048,,
R301,Room 301,25,A,1GD23CS049,,
R301,Room 301,25,B,1GD23CS050,,
R301,Room 301,26,A,1GD23CS051,,
R301,Room 301,26,B,1GD23CS052,,
R301,Room 301,27,A,1GD23CS053,,
R301,Room 301,27,B,1GD23CS054,,
R301,Room 301,28,A,1GD23CS055,,
R301,Room 301,28,B,1GD23CS056,,
R301,Room 301,29,A,1GD23CS057,,
R301,Room 301,29,B,1GD23CS058,,
R301,Room 301,30,A,1GD23CS059,,
R301,Room 301,30,B,1GD23CS060,,
